__latency__,addTask,505e4d7d-5d49-4701-bb07-0563b0af3e2f,1645429906222420139
__latency__,createdTask,505e4d7d-5d49-4701-bb07-0563b0af3e2f,1645429906347614536
__latency__,receiveTask,505e4d7d-5d49-4701-bb07-0563b0af3e2f,1645429906383169824
__latency__,addTask,d9bd472a-4594-42b2-b4a4-59fc16beb073,1645429907592960349
__latency__,createdTask,d9bd472a-4594-42b2-b4a4-59fc16beb073,1645429907714367398
__latency__,receiveTask,d9bd472a-4594-42b2-b4a4-59fc16beb073,1645429907715758511
__latency__,addTask,05d829af-731a-404d-be81-cfb6a9683ba1,1645429908270754386
__latency__,createdTask,05d829af-731a-404d-be81-cfb6a9683ba1,1645429908346632415
__latency__,receiveTask,05d829af-731a-404d-be81-cfb6a9683ba1,1645429908715426968
__latency__,addTask,7871e36a-757b-4c80-820d-fb724019dfac,1645429908782608982
__latency__,createdTask,7871e36a-757b-4c80-820d-fb724019dfac,1645429908902797854
__latency__,addTask,e455c9cd-4275-44a5-b344-671c451b4691,1645429909337857550
__latency__,createdTask,e455c9cd-4275-44a5-b344-671c451b4691,1645429909413633720
__latency__,receiveTask,7871e36a-757b-4c80-820d-fb724019dfac,1645429909749143641
__latency__,addTask,82f91536-0377-4d2b-8633-c1194bf1e1fb,1645429909796331856
__latency__,createdTask,82f91536-0377-4d2b-8633-c1194bf1e1fb,1645429909870085018
__latency__,addTask,60ef0404-f333-48dd-87e1-8f0c597d57ae,1645429910168563113
__latency__,createdTask,60ef0404-f333-48dd-87e1-8f0c597d57ae,1645429910243823853
__latency__,addTask,263423fe-2832-4226-9a61-80e11dc4372a,1645429910334382214
__latency__,createdTask,263423fe-2832-4226-9a61-80e11dc4372a,1645429910413763833
__latency__,addTask,a0bfe2e1-17ec-45fd-a99f-1b1c62308ef8,1645429910490342905
__latency__,createdTask,a0bfe2e1-17ec-45fd-a99f-1b1c62308ef8,1645429910565697366
__latency__,addTask,f9adad95-0cfb-440d-a81d-c44b7c3a8365,1645429910621913546
__latency__,createdTask,f9adad95-0cfb-440d-a81d-c44b7c3a8365,1645429910694974222
__latency__,receiveTask,e455c9cd-4275-44a5-b344-671c451b4691,1645429910751079002
__latency__,addTask,21f91e7a-5ce2-47e6-99f5-fab6a0869e7e,1645429910757665658
__latency__,createdTask,21f91e7a-5ce2-47e6-99f5-fab6a0869e7e,1645429910832933752
__latency__,addTask,521f4e27-64ee-49d9-8768-bf53c99ae4b0,1645429910894113074
__latency__,createdTask,521f4e27-64ee-49d9-8768-bf53c99ae4b0,1645429910970496901
__latency__,addTask,62298b6e-91fd-4a5c-a957-87fa5c667ca5,1645429911023057879
__latency__,createdTask,62298b6e-91fd-4a5c-a957-87fa5c667ca5,1645429911099544723
__latency__,addTask,ded11e59-bbce-4755-8f23-8ddecd9b392f,1645429911161397515
__latency__,createdTask,ded11e59-bbce-4755-8f23-8ddecd9b392f,1645429911236521196
__latency__,receiveTask,82f91536-0377-4d2b-8633-c1194bf1e1fb,1645429911715755083
__latency__,receiveTask,60ef0404-f333-48dd-87e1-8f0c597d57ae,1645429912716399424
__latency__,receiveTask,263423fe-2832-4226-9a61-80e11dc4372a,1645429913715977313
__latency__,receiveTask,a0bfe2e1-17ec-45fd-a99f-1b1c62308ef8,1645429914715867078
__latency__,receiveTask,f9adad95-0cfb-440d-a81d-c44b7c3a8365,1645429915715754935
__latency__,receiveTask,21f91e7a-5ce2-47e6-99f5-fab6a0869e7e,1645429916715513179
__latency__,receiveTask,521f4e27-64ee-49d9-8768-bf53c99ae4b0,1645429917716269362
__latency__,receiveTask,62298b6e-91fd-4a5c-a957-87fa5c667ca5,1645429918716169337
__latency__,receiveTask,ded11e59-bbce-4755-8f23-8ddecd9b392f,1645429919716402176